{"initial_reset_timestamp": 1525474190.909792, "timestamps": [1525474197.6485078, 1525474204.0078795, 1525474204.681798, 1525474205.266713, 1525474205.8593457, 1525474206.45143, 1525474207.0527742, 1525474207.6514049, 1525474213.8461373, 1525474214.5283635, 1525474215.1202335, 1525474215.712977, 1525474216.2945435, 1525474216.875599, 1525474217.4716442, 1525474218.0712097, 1525474218.530236, 1525474219.1315043, 1525474219.7262273, 1525474220.2053444, 1525474220.8009248, 1525474221.384775, 1525474221.9721975, 1525474222.3984509, 1525474222.997173, 1525474223.5374205, 1525474224.0671306, 1525474229.6552415, 1525474230.3427608, 1525474230.7438955, 1525474231.1716278, 1525474231.7156186, 1525474232.3078108, 1525474232.7496326, 1525474233.1319768, 1525474233.4624445, 1525474233.866599, 1525474234.2546592, 1525474234.7118149, 1525474235.7165136, 1525474236.1883702, 1525474236.6733022, 1525474237.1600776, 1525474237.6539247, 1525474238.0877001, 1525474238.4648573, 1525474239.0300388, 1525474239.462284, 1525474239.986751, 1525474240.5650508, 1525474241.3823216, 1525474241.7798998, 1525474242.2147923, 1525474242.6428676, 1525474243.0610535, 1525474243.5343375, 1525474243.9667866, 1525474244.4596171, 1525474244.9111197, 1525474245.3696046, 1525474245.7833343, 1525474246.2879553, 1525474246.7406034, 1525474247.240147, 1525474251.0487735, 1525474251.4884708, 1525474251.8863835, 1525474252.3783383, 1525474252.9049747, 1525474253.5075562, 1525474253.8659923, 1525474254.460515, 1525474254.9083645, 1525474255.2844536, 1525474255.7567658, 1525474256.1138227, 1525474256.716129, 1525474257.2678394, 1525474257.7017498, 1525474258.1657245, 1525474258.749608, 1525474259.250895, 1525474259.7149546, 1525474260.085617, 1525474260.5460143, 1525474261.0461643, 1525474261.4661996, 1525474261.9239497, 1525474262.3619018, 1525474262.713857, 1525474263.0840178, 1525474263.5291865, 1525474263.9702582, 1525474264.5525575, 1525474265.0030534, 1525474265.5974019, 1525474266.254364, 1525474266.7646654, 1525474267.2032087, 1525474267.6386905, 1525474268.1598985, 1525474268.614248, 1525474269.0638359, 1525474269.543193, 1525474269.982277, 1525474270.4135745, 1525474270.8562572, 1525474271.3078878, 1525474271.7148352, 1525474272.1750746, 1525474272.6498823, 1525474273.2211218, 1525474273.8960166, 1525474274.496029, 1525474274.9436357, 1525474275.3854284, 1525474275.8249254, 1525474276.2440372, 1525474276.7088127, 1525474277.08672, 1525474277.5940557, 1525474278.1021588, 1525474278.5348694, 1525474279.0112708, 1525474279.4531631, 1525474283.9450593, 1525474284.5096705, 1525474284.9558814, 1525474285.3992038, 1525474285.989494, 1525474286.4254203, 1525474286.8956733, 1525474287.4140985, 1525474287.7917032, 1525474288.3464608, 1525474288.7816644, 1525474289.2475252, 1525474289.6885378, 1525474290.1793594, 1525474290.6099844, 1525474291.2398632, 1525474291.8536997, 1525474292.2710874, 1525474292.7560031, 1525474293.1912801, 1525474293.6683245, 1525474294.0875344, 1525474294.6406915, 1525474295.1615102, 1525474295.590473, 1525474296.0528858, 1525474296.478861, 1525474296.995126, 1525474297.5944552, 1525474298.0991676, 1525474298.5679073, 1525474299.1039026, 1525474299.8593519, 1525474300.4664395, 1525474301.0444226, 1525474301.5134776, 1525474301.9516456, 1525474302.4750772, 1525474303.0017698, 1525474303.4541671, 1525474304.00818, 1525474304.5349104, 1525474305.110066, 1525474305.5673654, 1525474305.9996467, 1525474306.4411266, 1525474306.8783627, 1525474307.327288, 1525474307.8525388, 1525474308.3077874, 1525474308.9603767, 1525474309.4201732, 1525474309.866718, 1525474310.3815694, 1525474310.8045287, 1525474311.2986383, 1525474311.7499187, 1525474312.189401, 1525474312.6460207, 1525474313.0865414, 1525474313.5186782, 1525474313.962601, 1525474314.4252777, 1525474315.0225801, 1525474315.6755056, 1525474316.1895802, 1525474316.637654, 1525474317.0865052, 1525474317.605052, 1525474318.074752, 1525474318.517057, 1525474318.9863324, 1525474319.437599, 1525474320.0522852, 1525474320.5062687, 1525474321.0880334, 1525474321.6910846, 1525474322.1730938, 1525474322.668712, 1525474323.1075182, 1525474323.6102226, 1525474324.2167277, 1525474324.7684162, 1525474325.362698, 1525474325.8161225, 1525474326.2789671, 1525474326.870771, 1525474327.3917117, 1525474327.9486926, 1525474328.3796191, 1525474328.8284538, 1525474333.5199642, 1525474334.1624238, 1525474334.7038043, 1525474335.3226671, 1525474335.8695831, 1525474336.6981072, 1525474337.2102387, 1525474337.7227054, 1525474338.4362495, 1525474339.0921695, 1525474339.5573797, 1525474340.002445, 1525474340.452409, 1525474341.0339346, 1525474341.5717812, 1525474342.0598743, 1525474342.7751281, 1525474343.4284585, 1525474344.0536673, 1525474344.815551, 1525474345.342546, 1525474345.9622214, 1525474346.523328, 1525474347.0290287, 1525474347.5152473, 1525474348.338849, 1525474348.8693953, 1525474349.280916, 1525474349.752931, 1525474350.3236399, 1525474350.877729, 1525474351.421958, 1525474351.8432744, 1525474352.3085072, 1525474352.7119427, 1525474353.1147444, 1525474353.6517115, 1525474354.06631, 1525474354.6473925, 1525474355.1828508, 1525474355.597412, 1525474356.011585, 1525474356.5071025, 1525474356.9293497, 1525474357.4452658, 1525474357.9290597, 1525474358.432232, 1525474358.8372278, 1525474359.3747501, 1525474359.9938416, 1525474360.4179804, 1525474360.833664, 1525474361.2379332, 1525474361.7601075, 1525474362.324836, 1525474362.8935905, 1525474363.2994719, 1525474363.7176516, 1525474364.1172652, 1525474364.5253112, 1525474364.9516232, 1525474365.4625757, 1525474365.9818563, 1525474366.3871553, 1525474366.811399, 1525474367.218755, 1525474367.636389, 1525474368.041588, 1525474368.4467545, 1525474368.9928148, 1525474369.4581459, 1525474369.881882, 1525474370.4914985, 1525474370.9102845, 1525474371.3650799, 1525474371.7860878, 1525474372.2508607, 1525474372.8414128, 1525474373.2423909, 1525474373.649917, 1525474374.306798, 1525474374.7381127, 1525474375.1605241, 1525474375.5822306], "episode_lengths": [200, 200, 200, 200, 200, 200, 200, 200, 200, 200, 200, 200, 200, 200, 200, 200, 152, 200, 200, 161, 200, 200, 200, 142, 200, 181, 178, 178, 197, 130, 142, 180, 200, 147, 128, 109, 134, 127, 134, 195, 147, 152, 153, 136, 106, 108, 136, 138, 139, 137, 200, 104, 137, 134, 137, 154, 136, 161, 136, 139, 105, 132, 109, 107, 93, 85, 106, 136, 150, 169, 105, 179, 133, 107, 135, 105, 184, 167, 126, 140, 171, 152, 133, 105, 132, 134, 128, 132, 132, 104, 105, 133, 136, 179, 132, 174, 200, 149, 132, 131, 158, 133, 123, 136, 127, 130, 127, 124, 125, 136, 148, 165, 200, 177, 132, 132, 134, 127, 133, 114, 156, 157, 129, 134, 133, 132, 126, 136, 129, 184, 134, 135, 156, 114, 171, 134, 134, 132, 147, 130, 192, 187, 128, 146, 134, 146, 126, 161, 152, 129, 138, 129, 150, 187, 151, 136, 152, 200, 175, 181, 134, 132, 160, 160, 135, 163, 152, 165, 138, 132, 134, 130, 134, 162, 130, 200, 139, 136, 155, 129, 153, 129, 131, 137, 134, 130, 131, 138, 180, 199, 153, 132, 132, 159, 140, 133, 136, 133, 181, 136, 178, 177, 145, 152, 134, 154, 188, 163, 181, 137, 140, 181, 153, 172, 132, 138, 133, 140, 131, 166, 133, 200, 134, 131, 156, 187, 134, 132, 136, 175, 160, 134, 196, 185, 174, 200, 138, 177, 162, 137, 134, 200, 132, 132, 140, 137, 135, 175, 137, 154, 132, 131, 173, 134, 180, 163, 135, 135, 164, 134, 164, 157, 166, 133, 178, 200, 134, 133, 133, 175, 187, 189, 134, 138, 132, 135, 140, 164, 159, 134, 134, 132, 137, 132, 134, 183, 153, 138, 200, 132, 132, 132, 152, 200, 132, 133, 200, 133, 133, 134],