{"initial_reset_timestamp": 1525205747.5739605, "timestamps": [1525205754.3981044, 1525205760.5048218, 1525205761.1362302, 1525205761.6612887, 1525205762.1877441, 1525205762.716965, 1525205763.2420757, 1525205763.7830005, 1525205770.036593, 1525205770.657108, 1525205771.1839495, 1525205771.7329853, 1525205772.2580178, 1525205772.7841136, 1525205773.3102014, 1525205773.84681, 1525205774.375558, 1525205774.8999836, 1525205775.4239805, 1525205775.953288, 1525205776.4818394, 1525205777.0348053, 1525205777.5599117, 1525205778.085196, 1525205778.608742, 1525205779.1386604, 1525205779.6209383, 1525205785.8106039, 1525205786.4292355, 1525205786.955796, 1525205787.4830341, 1525205788.0408194, 1525205788.583009, 1525205789.1213775, 1525205789.6585286, 1525205790.1892257, 1525205790.7270007, 1525205791.190187, 1525205791.6877718, 1525205792.1220248, 1525205792.5740044, 1525205793.1089761, 1525205793.640695, 1525205794.1053693, 1525205794.5603588, 1525205794.9887173, 1525205795.519629, 1525205795.9272394, 1525205796.4568548, 1525205796.8705535, 1525205797.3191404, 1525205797.7582216, 1525205798.2964458, 1525205798.7145548, 1525205799.1509953, 1525205799.5202053, 1525205799.8628418, 1525205800.1979127, 1525205800.6091034, 1525205801.153759, 1525205801.482279, 1525205802.066379, 1525205802.6295586, 1525205803.1853435, 1525205807.7134025, 1525205808.2209702, 1525205808.5413547, 1525205808.8674097, 1525205809.1888192, 1525205809.7269752, 1525205810.1151974, 1525205810.605228, 1525205810.988915, 1525205811.4777727, 1525205811.8805156, 1525205812.289345, 1525205812.7100089, 1525205813.1108687, 1525205813.5021787, 1525205814.0362878, 1525205814.3373642, 1525205814.6656945, 1525205815.0490012, 1525205815.3565478, 1525205815.8888133, 1525205816.2934275, 1525205816.6064084, 1525205816.9944198, 1525205817.2977257, 1525205817.6881886, 1525205817.9894464, 1525205818.4165206, 1525205818.8852925, 1525205819.303639, 1525205819.6892185, 1525205820.1576338, 1525205820.557733, 1525205820.857131, 1525205821.2487555, 1525205821.6587176, 1525205821.981805, 1525205822.3268476, 1525205822.6463566, 1525205823.142414, 1525205823.565926, 1525205823.9665995, 1525205824.3297033, 1525205824.7343898, 1525205825.0668554, 1525205825.7006633, 1525205826.0428045, 1525205826.3911722, 1525205826.8457687, 1525205827.166462, 1525205827.5067523, 1525205827.885548, 1525205828.2930698, 1525205828.7150652, 1525205829.1533751, 1525205829.501435, 1525205829.8433309, 1525205830.394882, 1525205830.7817876, 1525205831.0940475, 1525205831.5789878, 1525205834.0654306, 1525205834.4423857, 1525205834.8840218, 1525205835.3390884, 1525205835.847673, 1525205836.1934426, 1525205836.5208716, 1525205836.8645988, 1525205837.2121153, 1525205837.5198498, 1525205838.1765656, 1525205838.5016756, 1525205838.8508334, 1525205839.1976328, 1525205839.5310564, 1525205839.8595798, 1525205840.408171, 1525205840.7738905, 1525205841.2132623, 1525205841.6971457, 1525205842.10263, 1525205842.402497, 1525205842.9073796, 1525205843.2221618, 1525205843.5648293, 1525205843.8674662, 1525205844.3800695, 1525205844.797107, 1525205845.336743, 1525205845.6724577, 1525205845.9900818, 1525205846.3104413, 1525205846.812599, 1525205847.1307948, 1525205847.5025032, 1525205848.168255, 1525205848.4682345, 1525205848.8616817, 1525205849.355726, 1525205849.859696, 1525205850.3935266, 1525205850.744694, 1525205851.078729, 1525205851.5669694, 1525205851.873657, 1525205852.197044, 1525205852.659116, 1525205852.986497, 1525205853.5805438, 1525205853.8812404, 1525205854.2104232, 1525205854.5355046, 1525205854.8522015, 1525205855.2355468, 1525205855.760667, 1525205856.1874094, 1525205856.7539158, 1525205857.1465242, 1525205857.7521527, 1525205858.072013, 1525205858.5964499, 1525205859.116045, 1525205859.5631518, 1525205859.9109502, 1525205860.3949368, 1525205860.7401993, 1525205861.2272506, 1525205861.6806653, 1525205862.1501064, 1525205862.4773924, 1525205862.9372926, 1525205863.358141, 1525205863.9305456, 1525205864.25973, 1525205864.8220627, 1525205865.2962604, 1525205865.7197187, 1525205866.178625, 1525205866.502593, 1525205867.0278828, 1525205867.4746032, 1525205867.806813, 1525205868.3265057, 1525205868.7589958, 1525205869.3361642, 1525205869.807886, 1525205870.1269205, 1525205870.6106293, 1525205870.9312842, 1525205871.2308903, 1525205871.5795639, 1525205873.2323463, 1525205873.9235294, 1525205874.5333881, 1525205874.8957055, 1525205875.4978402, 1525205875.8789067, 1525205876.2611105, 1525205876.8714547, 1525205877.4405196, 1525205877.9519246, 1525205878.3727505, 1525205878.9729073, 1525205879.493874, 1525205880.0666306, 1525205880.642886, 1525205881.1104836, 1525205881.4773898, 1525205881.7966447, 1525205882.105646, 1525205882.4402897, 1525205883.1051414, 1525205883.5914283, 1525205884.1478055, 1525205884.7169054, 1525205885.0708451, 1525205885.5932636, 1525205885.9395864, 1525205886.270133, 1525205886.6838992, 1525205887.0782373, 1525205887.3846145, 1525205887.917282, 1525205888.2136548, 1525205888.6963003, 1525205889.378073, 1525205889.698051, 1525205889.9961226, 1525205890.6078165, 1525205890.9886978, 1525205891.3660078, 1525205891.9090998, 1525205892.4302018, 1525205892.8425736, 1525205893.375484, 1525205893.742496, 1525205894.1274824, 1525205894.4966128, 1525205894.9995046, 1525205895.395428, 1525205895.83997, 1525205896.2492821, 1525205896.5452094, 1525205896.9765086, 1525205897.2944405, 1525205897.7175703, 1525205898.2760956, 1525205898.6655698, 1525205899.0084362, 1525205899.3342693, 1525205899.7243237, 1525205900.1115925, 1525205900.5893335, 1525205901.0501213, 1525205901.5424213, 1525205901.9160252, 1525205902.3001509, 1525205902.6765637, 1525205903.3488555, 1525205903.7801738, 1525205904.3369892, 1525205904.7187896, 1525205905.1299138, 1525205905.4714143, 1525205905.839923, 1525205906.3461988, 1525205906.7170913, 1525205907.105552, 1525205907.4894102, 1525205907.903459, 1525205908.3136706, 1525205908.6836333, 1525205909.081312, 1525205909.514167, 1525205909.8869352], "episode_lengths": [200, 200, 200, 200, 200, 200, 200, 200, 200, 200, 200, 200, 200, 200, 200, 200, 200, 200, 200, 200, 200, 200, 200, 200, 200, 200, 179, 200, 200, 200, 200, 194, 200, 200, 200, 198, 200, 173, 187, 164, 170, 193, 200, 175, 170, 162, 200, 153, 200, 155, 168, 152, 200, 153, 160, 137, 120, 121, 150, 200, 119, 200, 200, 200, 144, 152, 118, 120, 119, 200, 143, 170, 144, 183, 151, 153, 157, 150, 146, 200, 113, 114, 143, 115, 196, 148, 117, 145, 114, 146, 112, 148, 173, 154, 143, 170, 149, 112, 146, 151, 111, 112, 112, 148, 143, 140, 114, 113, 114, 196, 108, 110, 152, 109, 114, 118, 113, 119, 111, 113, 112, 144, 116, 111, 156, 160, 111, 145, 147, 170, 110, 111, 109, 111, 112, 200, 112, 112, 111, 123, 107, 172, 115, 140, 161, 143, 108, 181, 106, 118, 110, 171, 143, 185, 108, 110, 111, 168, 110, 112, 198, 109, 111, 167, 174, 169, 108, 111, 167, 109, 112, 155, 109, 182, 107, 111, 111, 112, 132, 174, 108, 164, 111, 161, 108, 179, 166, 155, 109, 156, 108, 164, 161, 164, 116, 160, 146, 174, 108, 184, 165, 130, 106, 107, 172, 143, 106, 170, 110, 163, 162, 108, 158, 110, 106, 115, 108, 154, 200, 107, 157, 126, 107, 168, 176, 154, 106, 178, 168, 188, 162, 154, 106, 109, 106, 108, 190, 128, 148, 155, 118, 182, 111, 108, 147, 130, 106, 167, 106, 108, 157, 109, 107, 165, 129, 106, 177, 153, 125, 156, 129, 134, 129, 161, 133, 156, 125, 108, 127, 108, 132, 174, 134, 119, 107, 141, 136, 160, 140, 175, 133, 129, 126, 199, 126, 167, 133, 126, 113, 129, 134, 124, 125, 130, 127, 135, 125, 123, 140, 107],